ID,Name,Team Name,POS,G
0000007088,徐博瑋,中信兄弟,C,1
0000003625,吉力吉撈．鞏冠,味全龍,C,18
0000002282,張閔勛,樂天桃猿,C,88
0000006854,宋嘉翔,樂天桃猿,C,43
0000006924,廖奕安,台鋼雄鷹,C,4
0000006217,林辰勳,味全龍,C,22
0000006211,張肇元,台鋼雄鷹,C,94
0000002285,高宇杰,中信兄弟,C,96
0000004645,戴培峰,富邦悍將,C,77
0000002304,吳明鴻,台鋼雄鷹,C,4
0000005291,蔣少宏,味全龍,C,90
0000001606,林岱安,統一7-ELEVEn獅,C,66
0000002298,陳重羽,統一7-ELEVEn獅,C,59
0000006224,林吳晉瑋,中信兄弟,C,12
0000006732,陳統恩,中信兄弟,C,22
0000006909,豊暐,富邦悍將,C,50
0000005532,全浩瑋,味全龍,C,10
0000005533,魏全,富邦悍將,C,5
0000006926,陳致嘉,台鋼雄鷹,C,26
0000007064,陳世嘉,台鋼雄鷹,C,9
0000003645,柯育民,統一7-ELEVEn獅,C,3
0000006718,毛英傑,樂天桃猿,C,4
0000000910,張進德,富邦悍將,C,2
0000004622,蕭憶銘,富邦悍將,C,3
0000006716,張翔,統一7-ELEVEn獅,C,2
0000006938,吳柏萱,台鋼雄鷹,C,1
0000006888,張育成,富邦悍將,1B,26
0000000132,梁家榮,樂天桃猿,1B,10
0000005340,王博玄,台鋼雄鷹,1B,29
0000007089,王念好,富邦悍將,1B,15
0000001318,朱育賢,味全龍,1B,48
0000001119,許基宏,中信兄弟,1B,90
0000002661,陳鏞基,統一7-ELEVEn獅,1B,47
0000006939,顏郁軒,台鋼雄鷹,1B,50
0000002307,王政順,中信兄弟,1B,11
0000002352,范國宸,富邦悍將,1B,63
0000002707,潘傑楷,統一7-ELEVEn獅,1B,22
0000001291,郭阜林,台鋼雄鷹,1B,40
0000005545,劉基鴻,味全龍,1B,7
0000003345,林智平,樂天桃猿,1B,21
0000006737,董子恩,富邦悍將,1B,8
0000003343,郭嚴文,味全龍,1B,20
0000000753,杜家明,台鋼雄鷹,1B,20
0000007076,李勛傑,樂天桃猿,1B,51
0000000158,廖健富,樂天桃猿,1B,17
0000001118,高國麟,富邦悍將,1B,15
0000005496,辛元旭,富邦悍將,1B,3
0000006213,何恆佑,統一7-ELEVEn獅,1B,1
0000006233,黃兆維,富邦悍將,1B,1
0000003625,吉力吉撈．鞏冠,味全龍,1B,41
0000006223,林子豪,統一7-ELEVEn獅,1B,59
0000003609,陳俊秀,中信兄弟,1B,21
0000003563,余德龍,樂天桃猿,1B,26
0000006728,陳思仲,味全龍,1B,7
0000000045,林智勝,味全龍,1B,2
0000001474,蘇智傑,統一7-ELEVEn獅,1B,1
0000006858,陳佳樂,樂天桃猿,1B,7
0000005546,拿莫．伊漾,味全龍,1B,9
0000006851,林培緯,統一7-ELEVEn獅,1B,16
0000007091,高捷,富邦悍將,1B,7
0000001756,吳桀睿,樂天桃猿,1B,2
0000005298,黃韋盛,中信兄弟,1B,5
0000007312,張趙紘,樂天桃猿,1B,4
0000007302,宋柏翰,台鋼雄鷹,1B,2
0000005567,林瑞鈞,中信兄弟,1B,1
0000000908,蘇緯達,中信兄弟,1B,1
0000000356,石翔宇,味全龍,2B,1
0000006806,池恩齊,富邦悍將,2B,5
0000002307,王政順,中信兄弟,2B,4
0000005306,許哲晏,統一7-ELEVEn獅,2B,9
0000007621,蔡琞傑,中信兄弟,2B,2
0000003649,吳念庭,台鋼雄鷹,2B,3
0000005298,黃韋盛,中信兄弟,2B,9
0000007268,陳聖平,統一7-ELEVEn獅,2B,16
0000005333,湯家豪,台鋼雄鷹,2B,2
0000003174,郭永維,台鋼雄鷹,2B,19
0000005540,李凱威,味全龍,2B,117
0000005510,林澤彬,富邦悍將,2B,20
0000005542,張政禹,味全龍,2B,2
0000004642,林靖凱,統一7-ELEVEn獅,2B,35
0000006928,林家鋐,台鋼雄鷹,2B,85
0000001286,馮健庭,樂天桃猿,2B,13
0000001339,林祖傑,統一7-ELEVEn獅,2B,29
0000007091,高捷,富邦悍將,2B,8
0000002289,陳重廷,統一7-ELEVEn獅,2B,30
0000006872,林岳谷,富邦悍將,2B,71
0000004643,胡冠俞,台鋼雄鷹,2B,13
0000006730,張仁瑋,中信兄弟,2B,2
0000006713,楊竣翔,統一7-ELEVEn獅,2B,1
0000001618,林子偉,樂天桃猿,2B,92
0000006743,劉俊豪,富邦悍將,2B,9
0000002291,岳東華,中信兄弟,2B,109
0000001473,李宗賢,富邦悍將,2B,22
0000006930,黃秉揚,台鋼雄鷹,2B,13
0000006240,馬傑森,樂天桃猿,2B,13
0000007312,張趙紘,樂天桃猿,2B,2
0000006931,黃劼希,台鋼雄鷹,2B,18
0000007071,林泓弦,統一7-ELEVEn獅,2B,21
0000007079,劉俊緯,味全龍,2B,4
0000007315,游承勳,樂天桃猿,2B,5
0000007589,許賀捷,樂天桃猿,2B,7
0000007297,楊閔貽,富邦悍將,2B,3
0000007013,陳飛霖,台鋼雄鷹,2B,2
0000005342,林志綱,中信兄弟,2B,2
0000006728,陳思仲,味全龍,2B,1
0000007037,張皓崴,統一7-ELEVEn獅,2B,1
0000005567,林瑞鈞,中信兄弟,3B,1
0000007091,高捷,富邦悍將,3B,8
0000003174,郭永維,台鋼雄鷹,3B,1
0000003649,吳念庭,台鋼雄鷹,3B,85
0000003211,王勝偉,富邦悍將,3B,8
0000005542,張政禹,味全龍,3B,18
0000003345,林智平,樂天桃猿,3B,64
0000006888,張育成,富邦悍將,3B,7
0000006737,董子恩,富邦悍將,3B,65
0000002307,王政順,中信兄弟,3B,19
0000005298,黃韋盛,中信兄弟,3B,74
0000006730,張仁瑋,中信兄弟,3B,4
0000001291,郭阜林,台鋼雄鷹,3B,20
0000002707,潘傑楷,統一7-ELEVEn獅,3B,85
0000000929,王威晨,中信兄弟,3B,32
0000005545,劉基鴻,味全龍,3B,102
0000003563,余德龍,樂天桃猿,3B,3
0000000356,石翔宇,味全龍,3B,1
0000000132,梁家榮,樂天桃猿,3B,35
0000006223,林子豪,統一7-ELEVEn獅,3B,17
0000006743,劉俊豪,富邦悍將,3B,4
0000001473,李宗賢,富邦悍將,3B,19
0000006930,黃秉揚,台鋼雄鷹,3B,2
0000007089,王念好,富邦悍將,3B,22
0000000753,杜家明,台鋼雄鷹,3B,20
0000007313,曾冠傑,樂天桃猿,3B,14
0000002289,陳重廷,統一7-ELEVEn獅,3B,23
0000006240,馬傑森,樂天桃猿,3B,6
0000001286,馮健庭,樂天桃猿,3B,9
0000006728,陳思仲,味全龍,3B,3
0000000153,林承飛,樂天桃猿,3B,5
0000001339,林祖傑,統一7-ELEVEn獅,3B,9
0000006713,楊竣翔,統一7-ELEVEn獅,3B,2
0000005306,許哲晏,統一7-ELEVEn獅,3B,2
0000007268,陳聖平,統一7-ELEVEn獅,3B,1
0000005546,拿莫．伊漾,味全龍,3B,1
0000006872,林岳谷,富邦悍將,3B,2
0000003343,郭嚴文,味全龍,3B,1
0000006931,黃劼希,台鋼雄鷹,3B,1
0000001119,許基宏,中信兄弟,3B,1
0000001339,林祖傑,統一7-ELEVEn獅,SS,1
0000004643,胡冠俞,台鋼雄鷹,SS,2
0000005510,林澤彬,富邦悍將,SS,57
0000003563,余德龍,樂天桃猿,SS,30
0000006888,張育成,富邦悍將,SS,9
0000006730,張仁瑋,中信兄弟,SS,14
0000004636,江坤宇,中信兄弟,SS,110
0000007268,陳聖平,統一7-ELEVEn獅,SS,82
0000006927,曾子祐,台鋼雄鷹,SS,116
0000006229,葉子霆,富邦悍將,SS,24
0000007079,劉俊緯,味全龍,SS,45
0000005542,張政禹,味全龍,SS,82
0000007071,林泓弦,統一7-ELEVEn獅,SS,20
0000000153,林承飛,樂天桃猿,SS,58
0000006806,池恩齊,富邦悍將,SS,15
0000005546,拿莫．伊漾,味全龍,SS,3
0000006743,劉俊豪,富邦悍將,SS,9
0000006928,林家鋐,台鋼雄鷹,SS,8
0000000356,石翔宇,味全龍,SS,6
0000007086,楊祥禾,中信兄弟,SS,2
0000005306,許哲晏,統一7-ELEVEn獅,SS,28
0000006240,馬傑森,樂天桃猿,SS,44
0000007094,陳愷佑,富邦悍將,SS,16
0000007085,張士綸,中信兄弟,SS,1
0000007078,杜禹鋒,樂天桃猿,SS,1
0000007297,楊閔貽,富邦悍將,SS,1
0000006835,顏清浤,台鋼雄鷹,LF,1
0000006929,紀慶然,台鋼雄鷹,LF,1
0000006810,潘瑋祥,富邦悍將,LF,3
0000005553,張祐銘,味全龍,LF,7
0000004633,陳晨威,樂天桃猿,LF,99
0000006738,孔念恩,富邦悍將,LF,18
0000006730,張仁瑋,中信兄弟,LF,5
0000006216,王順和,味全龍,LF,29
0000002297,詹子賢,中信兄弟,LF,67
0000003563,余德龍,樂天桃猿,LF,11
0000001804,陳傑憲,統一7-ELEVEn獅,LF,57
0000001474,蘇智傑,統一7-ELEVEn獅,LF,46
0000002305,王正棠,富邦悍將,LF,15
0000007301,曾昱磬,台鋼雄鷹,LF,9
0000005569,曾頌恩,中信兄弟,LF,33
0000000362,申皓瑋,富邦悍將,LF,15
0000006936,高聖恩,台鋼雄鷹,LF,15
0000005296,董秉軒,台鋼雄鷹,LF,4
0000006868,周佳樂,富邦悍將,LF,2
0000007009,陳維祥,統一7-ELEVEn獅,LF,1
0000006847,田子杰,統一7-ELEVEn獅,LF,1
0000005310,陳真,富邦悍將,LF,61
0000000159,成晉,樂天桃猿,LF,12
0000000935,王柏融,台鋼雄鷹,LF,98
0000000743,陳子豪,味全龍,LF,73
0000007278,許庭綸,中信兄弟,LF,15
0000005531,邱智呈,統一7-ELEVEn獅,LF,25
0000000361,張洺瑀,富邦悍將,LF,12
0000001318,朱育賢,味全龍,LF,27
0000006940,葉保弟,台鋼雄鷹,LF,5
0000003533,藍寅倫,台鋼雄鷹,LF,6
0000005548,林孝程,味全龍,LF,12
0000005522,朱迦恩,統一7-ELEVEn獅,LF,7
0000003183,張志豪,中信兄弟,LF,5
0000007076,李勛傑,樂天桃猿,LF,6
0000001754,林書逸,中信兄弟,LF,6
0000006202,蔡鎮宇,樂天桃猿,LF,3
0000006861,蔡佳諺,富邦悍將,LF,7
0000007091,高捷,富邦悍將,LF,16
0000006856,董順傑,樂天桃猿,LF,2
0000004627,張偉聖,統一7-ELEVEn獅,LF,1
0000004641,李丞齡,統一7-ELEVEn獅,LF,1
0000007031,林莛淯,富邦悍將,LF,1
0000006725,張祐嘉,味全龍,LF,1
0000006872,林岳谷,富邦悍將,LF,1
0000006879,冉承霖,味全龍,CF,2
0000004627,張偉聖,統一7-ELEVEn獅,CF,1
0000006810,潘瑋祥,富邦悍將,CF,4
0000006714,鍾玉成,樂天桃猿,CF,2
0000005522,朱迦恩,統一7-ELEVEn獅,CF,1
0000000362,申皓瑋,富邦悍將,CF,57
0000007304,曾聖安,味全龍,CF,7
0000001804,陳傑憲,統一7-ELEVEn獅,CF,21
0000005549,郭天信,味全龍,CF,115
0000007070,林佳緯,統一7-ELEVEn獅,CF,101
0000006225,宋晟睿,中信兄弟,CF,43
0000000159,成晉,樂天桃猿,CF,30
0000006235,林政華,樂天桃猿,CF,93
0000006868,周佳樂,富邦悍將,CF,42
0000007301,曾昱磬,台鋼雄鷹,CF,47
0000006835,顏清浤,台鋼雄鷹,CF,2
0000005571,岳政華,中信兄弟,CF,80
0000006929,紀慶然,台鋼雄鷹,CF,67
0000000935,王柏融,台鋼雄鷹,CF,5
0000006216,王順和,味全龍,CF,2
0000006861,蔡佳諺,富邦悍將,CF,26
0000006936,高聖恩,台鋼雄鷹,CF,14
0000005531,邱智呈,統一7-ELEVEn獅,CF,3
0000003339,林哲瑄,富邦悍將,CF,4
0000004633,陳晨威,樂天桃猿,CF,8
0000007031,林莛淯,富邦悍將,CF,4
0000006725,張祐嘉,味全龍,CF,2
0000006933,林威漢,台鋼雄鷹,CF,1
0000007278,許庭綸,中信兄弟,CF,1
0000006734,黃鈞麟,中信兄弟,CF,1
0000007288,何品室融,樂天桃猿,CF,1
0000003183,張志豪,中信兄弟,CF,1
0000001339,林祖傑,統一7-ELEVEn獅,CF,1
0000007308,許博閎,味全龍,RF,1
0000002275,林安可,統一7-ELEVEn獅,RF,26
0000002297,詹子賢,中信兄弟,RF,4
0000006725,張祐嘉,味全龍,RF,9
0000002286,林立,樂天桃猿,RF,64
0000004627,張偉聖,統一7-ELEVEn獅,RF,1
0000000743,陳子豪,味全龍,RF,28
0000006929,紀慶然,台鋼雄鷹,RF,4
0000007091,高捷,富邦悍將,RF,20
0000000159,成晉,樂天桃猿,RF,61
0000005340,王博玄,台鋼雄鷹,RF,87
0000005531,邱智呈,統一7-ELEVEn獅,RF,65
0000006730,張仁瑋,中信兄弟,RF,15
0000006225,宋晟睿,中信兄弟,RF,75
0000004633,陳晨威,樂天桃猿,RF,3
0000006216,王順和,味全龍,RF,37
0000007070,林佳緯,統一7-ELEVEn獅,RF,10
0000003533,藍寅倫,台鋼雄鷹,RF,24
0000006738,孔念恩,富邦悍將,RF,65
0000007304,曾聖安,味全龍,RF,53
0000003183,張志豪,中信兄弟,RF,22
0000006861,蔡佳諺,富邦悍將,RF,6
0000006940,葉保弟,台鋼雄鷹,RF,7
0000006868,周佳樂,富邦悍將,RF,35
0000005522,朱迦恩,統一7-ELEVEn獅,RF,18
0000001754,林書逸,中信兄弟,RF,6
0000005569,曾頌恩,中信兄弟,RF,7
0000005310,陳真,富邦悍將,RF,11
0000007278,許庭綸,中信兄弟,RF,14
0000007288,何品室融,樂天桃猿,RF,2
0000006847,田子杰,統一7-ELEVEn獅,RF,7
0000005553,張祐銘,味全龍,RF,12
0000003339,林哲瑄,富邦悍將,RF,4
0000007301,曾昱磬,台鋼雄鷹,RF,5
0000006879,冉承霖,味全龍,RF,6
0000006936,高聖恩,台鋼雄鷹,RF,5
0000000361,張洺瑀,富邦悍將,RF,5
0000004641,李丞齡,統一7-ELEVEn獅,RF,3
0000006714,鍾玉成,樂天桃猿,RF,2
0000006835,顏清浤,台鋼雄鷹,RF,2
0000001804,陳傑憲,統一7-ELEVEn獅,RF,1
0000007076,李勛傑,樂天桃猿,RF,1
0000006810,潘瑋祥,富邦悍將,RF,1
0000006856,董順傑,樂天桃猿,RF,1
0000007037,張皓崴,統一7-ELEVEn獅,RF,1
0000000362,申皓瑋,富邦悍將,RF,1
0000006235,林政華,樂天桃猿,RF,1
0000006202,蔡鎮宇,樂天桃猿,RF,1
